Total_IDs,Total_ZDiscs,mu_Azi_[RAD],mu_Ele_[RAD],mu_Sph_[RAD],mu_Azi_[DEG],mu_Ele_[DEG],mu_Sph_[DEG],sig_Azi_[RAD],sig_Ele_[RAD],sig_Sph_[RAD],sig_Azi_[DEG],sig_Ele_[DEG],sig_Sph_[DEG]
515,9253,0.3500388795364622,1.5551004857814308,1.1598055171630208,20.05575046292752,89.10069455402007,66.45196118942886,0.9130964144705507,0.0528495306880866,0.23131950256213124,52.316570837690705,3.0280550576744876,13.253631215875753
